instance,tGRASP,tTS,tPR,tEX,nSol
medium1,0.017389904,2.078147275,0.06892383,2.681105947,2
